{"uptime_ms":432924,"wifi_connected":true,"ip":"192.168.1.229","rssi":-55,"wifi_channel":11,"wifi_bssid":"9C:05:D6:AF:BB:10","wifi_reconnects":0,"wifi_last_disconnect_reason":0,"homed":true,"homing":false,"buttplug_connected":false,"position":89.04452,"has_current_sensor":true,"bus_current_a":0.000125,"bus_voltage_v":0.184961,"has_power_monitor":true,"bus_power_w":0,"die_temp_c":28.39063,"peak_current_a":8.431313,"measured_hz":4,"measured_interval_ms":250,"auto_duration":true,"measured_stroke_mm":260,"serial_mode":true,"serial_active":true,"serial_linked":true,"transport":"SER","ble_running":false,"ble_connected":false,"ble_linked":false,"dongle_active":false,"paused":false,"manual_override":false,"intent_count":872,"plan_derived_spd":24,"plan_clamped_spd":24,"plan_derived_acc":64,"plan_clamped_acc":64,"plan_feasible":true,"plan_late":false,"tele_seq":103529,"tele_dt":4,"tele_from":103465,"samples":[[99.74557,111.6941,111.6941],[101.0709,111.6941,111.6941],[103.1817,111.6941,111.6941],[104.6543,111.6941,111.6941],[106.0288,111.6941,111.6941],[107.2559,111.6941,111.6941],[108.2868,111.6941,111.6941],[109.2194,99.8941,99.8941],[110.0048,99.8941,99.8941],[110.643,99.8941,99.8941],[111.0848,99.8941,99.8941],[111.4284,99.8941,99.8941],[111.6738,99.8941,99.8941],[111.772,99.8941,99.8941],[111.7229,99.8941,99.8941],[111.5756,99.8941,99.8941],[111.3302,99.8941,99.8941],[110.9375,99.8941,99.8941],[110.3975,99.8941,99.8941],[109.9557,99.8941,99.8941],[109.1213,99.8941,99.8941],[108.4831,99.8941,99.8941],[107.7468,99.8941,99.8941],[106.5196,99.8941,99.8941],[105.6361,99.8941,99.8941],[104.7034,99.8941,99.8941],[103.8689,99.8941,99.8941],[103.0835,94,94],[102.3963,94,94],[101.8072,94,94],[101.3164,94,94],[100.6782,94,94],[100.3837,94,94],[100.0892,94,94],[99.64739,94,94],[99.35287,94,94],[98.91109,94,94],[98.4693,94,94],[98.17477,94,94],[97.73299,94,94],[97.43846,94,94],[96.99667,94,94],[96.70216,94,94],[96.26037,94,94],[95.96584,94,94],[95.52406,94,94],[95.22953,94,94],[94.78774,94,94],[94.49322,94,94],[94.05144,94,94],[93.75691,94,94],[93.31512,94,94],[93.0206,94,94],[92.57881,94,94],[92.28429,94,94],[91.8425,94,94],[91.54797,94,94],[91.25346,94,94],[90.81167,94,94],[90.51714,94,94],[90.07536,94,94],[89.78083,94,94],[89.48631,94,94],[89.04452,94,94]],"driver":{"valid":false,"otpw":false,"ot":false,"s2ga":false,"s2gb":false,"ola":false,"olb":false,"stst":false,"sg_result":0,"cs_actual":0,"load_pct":0,"faulted":false}}